,Age,Education,Introversion Score,Sensing Score,Thinking Score,Judging Score,Gender_Male,Interest_Arts,Interest_Others,Interest_Sports,Interest_Technology,Interest_Unknown,Personality_ENFJ,Personality_ENFP,Personality_ENTJ,Personality_ENTP,Personality_ESFJ,Personality_ESFP,Personality_ESTJ,Personality_ESTP,Personality_INFJ,Personality_INFP,Personality_INTJ,Personality_INTP,Personality_ISFJ,Personality_ISFP,Personality_ISTJ,Personality_ISTP
PC1,0.7172769673431333,0.00012426024616873547,-0.005779986710497816,0.032434939505451094,-0.001039571525272997,0.0012914729759492414,0.0002322948114112263,-0.00027764510270101206,0.0004199661762321727,-8.579040677828697e-05,-0.00012113183348653752,6.460116673366417e-05,-0.0027105191183229137,-0.0027878592296335706,-0.003060425878351585,-0.003051497277485786,0.002534872086094051,0.002805034180358904,0.002778467709213108,0.0026082584969821074,-0.0026753196032009282,-0.002506783486985867,-0.002744082107165046,-0.0029035736129799663,0.0029319101648616537,0.002882943142701699,0.0029897535083308153,0.0029088210255834284
PC2,0.002138456233385827,-0.00012209951007775176,0.3098966037953875,-0.001280238137738653,-0.29393877788272804,0.00054734639306359,-0.00021936385896738011,0.00037815994308953077,-0.00031930750088841203,3.2104226462836456e-05,8.045047081296563e-05,-0.0001714071394769266,0.010986718209007934,0.010987394201959481,0.00033458415295480076,0.0002995876402103458,0.010856211647439341,0.010988246779303311,0.00019187550646629516,9.815499262959437e-05,-0.0001857416057936678,-0.00014264946511007286,-0.010942177591547532,-0.010927133860042201,-0.00022524638124531683,-0.0001641430487412457,-0.011127778368747,-0.011027902808744055
PC3,-0.00271533412775893,-0.00017473041674984687,-0.29146438411430414,-0.0020696457467154583,-0.3072286486510992,-0.001199389748338127,0.00029904348363168193,0.0005296845012332115,-0.00023425784873543166,-6.408128674428442e-05,-0.00040593551824133104,0.00017459015248783466,0.0004686787739612818,0.0005440710511328191,-0.010968591378484655,-0.010836174215574442,0.00030869447893147866,0.0004985400891332959,-0.0109354395018758,-0.010653992127844542,0.011046219376702507,0.010893758389066466,-0.0004095163360778379,-0.0003537282821333463,0.01075048765322565,0.010601605289729617,-0.0005417011685528375,-0.0004129120913396415
